{
    "type": "Lidar",
    "name": "Top Lidar-32db",
    "params": {
        "VerticalRayAngles": [
            -30.67,
            -9.3299999,
            -29.330000000000002,
            -8.0,
            -28.0,
            -6.6700001,
            -26.67,
            -5.3299999,
            -25.33,
            -4.0,
            -24.000000000000004,
            -2.6700001,
            -22.67,
            -1.33,
            -21.33,
            0.0,
            -20.0,
            1.33,
            -18.67,
            2.6700001,
            -17.33,
            4.0,
            -16.0,
            5.3299999,
            -14.67,
            6.6700001,
            -13.330000000000002,
            8.0,
            -12.000000000000002,
            9.3299999,
            -10.67,
            10.67
        ],
        "MinDistance": 0.5,
        "MaxDistance": 100,
        "RotationFrequency": 10,
        "MeasurementsPerRotation": 360,
        "Compensated": true,
        "PointColor": "#ff000000",
        "Topic": "/points_raw",
        "Frame": "velodyne"
    },
    "transform": {
        "x": 0,
        "y": 2.1263,
        "z": -0.4,
        "pitch": 0,
        "yaw": 0,
        "roll": 0
    }
}