{
    "type": "Lidar",
    "name": "Top Lidar-64e_s2.1-sztaki",
    "params": {
        "VerticalRayAngles": [
            -8.7686234,
            -8.3563347,
            2.486347,
            2.9771359,
            -7.7822719000000005,
            -7.264264100000001,
            -10.860783,
            -10.362929,
            -6.860538000000001,
            -6.2594609,
            -9.8180084,
            -9.3397217,
            -2.5933869,
            -2.0555191,
            -5.6685958,
            -5.1927018,
            -1.587509,
            -1.15441,
            -4.7044559,
            -4.1689248,
            -0.568941,
            -0.217594,
            -3.714313,
            -3.1891811,
            3.5024951,
            4.0039558,
            0.50854403,
            0.97694802,
            4.4931631,
            4.9700899,
            1.4452220000000002,
            1.9717960000000003,
            -22.727167,
            -22.35751,
            -11.520303,
            -10.945655,
            -21.885101,
            -21.307959,
            -24.845081,
            -24.419271,
            -20.859316,
            -20.119377,
            -23.853561,
            -23.183969,
            -16.55401,
            -16.111792,
            -19.570175,
            -19.184532,
            -15.689306000000002,
            -15.177824,
            -18.723572,
            -18.217821000000004,
            -14.598064000000003,
            -14.081364,
            -17.762243,
            -17.111965,
            -10.538668,
            -9.9943476,
            -13.407262,
            -12.974276000000001,
            -9.6190624,
            -9.0717077,
            -12.416959,
            -12.070212
        ],
        "MinDistance": 0.5,
        "MaxDistance": 100,
        "RotationFrequency": 10,
        "MeasurementsPerRotation": 360,
        "Compensated": true,
        "PointColor": "#ff000000",
        "Topic": "/points_raw",
        "Frame": "velodyne"
    },
    "transform": {
        "x": 0,
        "y": 2.1263,
        "z": -0.4,
        "pitch": 0,
        "yaw": 0,
        "roll": 0
    }
}