{
    "type": "Lidar",
    "name": "Top Lidar-VLP16_hires_db",
    "params": {
        "VerticalRayAngles": [
            -25.0,
            -1.0,
            -1.6670000000000003,
            -15.639,
            -11.31,
            0.0,
            -0.667,
            -8.843,
            -7.254,
            0.333,
            -0.333,
            -6.148,
            -5.333,
            1.333,
            0.667,
            -4.0,
            -4.667,
            1.6670000000000003,
            1.0,
            -3.667,
            -3.333,
            3.333,
            2.333,
            -2.667,
            -3.0000000000000004,
            7.0,
            4.667,
            -2.333,
            -2.0,
            14.999999999999998,
            10.333,
            -1.333,
        ],
        "MinDistance": 0.5,
        "MaxDistance": 100,
        "RotationFrequency": 10,
        "MeasurementsPerRotation": 360,
        "Compensated": true,
        "PointColor": "#ff000000",
        "Topic": "/points_raw",
        "Frame": "velodyne"
    },
    "transform": {
        "x": 0,
        "y": 2.1263,
        "z": -0.4,
        "pitch": 0,
        "yaw": 0,
        "roll": 0
    }
}