{
    "type": "Lidar",
    "name": "Top Lidar-VLP16_db",
    "params": {
        "VerticalRayAngles": [
            -14.999999999999998,
            1.0,
            -13.0,
            3.0000000000000004,
            -11.0,
            5.0,
            -9.0,
            7.0,
            -7.0,
            9.0,
            -5.0,
            11.0,
            -3.0000000000000004,
            13.0,
            -1.0,
            14.999999999999998,
        ],
        "MinDistance": 0.5,
        "MaxDistance": 100,
        "RotationFrequency": 10,
        "MeasurementsPerRotation": 360,
        "Compensated": true,
        "PointColor": "#ff000000",
        "Topic": "/points_raw",
        "Frame": "velodyne"
    },
    "transform": {
        "x": 0,
        "y": 2.1263,
        "z": -0.4,
        "pitch": 0,
        "yaw": 0,
        "roll": 0
    }
}