{
    "type": "Lidar",
    "name": "Top Lidar-VLP16_hires_db",
    "params": {
        "VerticalRayAngles": [
            -10.0,
            0.6666666666666666,
            -8.666666666666668,
            2.0,
            -7.333333333333333,
            3.3333333333333335,
            -6.0,
            4.666666666666667,
            -4.666666666666667,
            6.0,
            -3.3333333333333335,
            7.333333333333333,
            -2.0,
            8.666666666666668,
            -0.6666666666666666,
            10.0
        ],
        "MinDistance": 0.5,
        "MaxDistance": 100,
        "RotationFrequency": 10,
        "MeasurementsPerRotation": 360,
        "Compensated": true,
        "PointColor": "#ff000000",
        "Topic": "/points_raw",
        "Frame": "velodyne"
    },
    "transform": {
        "x": 0,
        "y": 2.1263,
        "z": -0.4,
        "pitch": 0,
        "yaw": 0,
        "roll": 0
    }
}